{"_wandb":{"runtime":179},"donor_loss":1.3531117476630765,"epoch":20,"_timestamp":1.7404902823298442e+09,"adv_loss":0.48684767934044176,"accuracy":0.5472309628697294,"final_accuracy":0.5472309628697294,"_step":20,"_runtime":179.388955158}