{"_wandb":{"runtime":392},"_runtime":392.178810534,"_step":49,"epoch":50,"donor_loss":0.477983703455293,"adv_loss":0.31421301744309776,"accuracy":0.8332705823293173,"_timestamp":1.7405377031155486e+09}