{
    "best_params": {
        "lr": 0.0003667503084290308,
        "dropout": 0.24462841983536956,
        "num_latents": 30,
        "latent_dim": 248,
        "adv_lambda": 0.060222703860697425
    },
    "final_accuracy": 0.9971762048192772
}