{
    "best_params": {
        "lr": 0.0005947012811791727,
        "dropout": 0.11378010821029086,
        "num_latents": 61,
        "latent_dim": 256,
        "adv_lambda": 0.35824957883020864
    },
    "final_validation_accuracy": null,
    "final_train_accuracy": null,
    "final_test_accuracy": 0.8104440789473685,
    "final_test_donor_loss": 1.3892275369481037,
    "final_test_adv_loss": 0.40325971143810374
}