{
    "best_params": {
        "lr": 0.0005947012811791727,
        "dropout": 0.11378010821029086,
        "num_latents": 61,
        "latent_dim": 256,
        "adv_lambda": 0.35824957883020864
    },
    "final_train_accuracy": 0.9103807471264368,
    "final_validation_accuracy": 0.7528782894736842,
    "final_test_accuracy": 0.8022203947368421,
    "final_test_donor_loss": 1.2628600236616636,
    "final_test_adv_loss": 0.3892333754583409
}