{
    "best_params": {
        "lr": 0.0005947012811791727,
        "dropout": 0.11378010821029086,
        "num_latents": 61,
        "latent_dim": 256,
        "adv_lambda": 0.35824957883020864
    },
    "final_accuracy": 0.9994979919678715
}