{
    "best_params": {
        "lr": 0.0006382436847264003,
        "dropout": 0.18325107922125614,
        "num_latents": 27,
        "latent_dim": 256,
        "adv_lambda": 0.17312975650802562
    },
    "final_accuracy": 0.9988077309236948
}