{"adv_loss":0.30761671048330974,"epoch":50,"final_accuracy":0.8396084337349398,"accuracy":0.8396084337349398,"_wandb":{"runtime":419},"donor_loss":0.4671787719530274,"_step":50,"_timestamp":1.7405312123584309e+09,"_runtime":419.868943418}