{"_step":50,"val_accuracy":0.5740131578947368,"test_accuracy":0.5666118421052632,"_timestamp":1.7407932332764692e+09,"_wandb":{"runtime":566},"_runtime":566.369608936,"val_donor_loss":1.5233225226402283,"final_validation_accuracy":0.5740131578947368,"final_test_donor_loss":1.6051536829848039,"test_donor_loss":1.502411701177296,"train_accuracy":0.7049209770114943,"final_train_accuracy":0.7049209770114943,"val_adv_loss":0.5319681646008241,"final_test_adv_loss":0.5210509339445516,"test_adv_loss":0.5376394869465577,"final_test_accuracy":0.6138980263157895,"epoch":50}