{"val_adv_loss":0.4148065879156715,"epoch":50,"test_accuracy":0.751233552631579,"_runtime":410.565001675,"test_donor_loss":1.2228110856131504,"train_donor_loss":0.29355760154196586,"val_accuracy":0.7446546052631579,"train_accuracy":0.9053520114942529,"_wandb":{"runtime":411},"_timestamp":1.7407849262485063e+09,"test_adv_loss":0.4141319119616559,"_step":49,"train_adv_loss":0.17424890561693016,"val_donor_loss":1.219352857062691}