{"accuracy":0.9446192573945877,"final_accuracy":0.9446192573945877,"epoch":50,"_wandb":{"runtime":664},"_timestamp":1.7405267031324823e+09,"_step":50,"donor_loss":0.16630952556677928,"_runtime":664.889406899,"adv_loss":0.15200781179269654}