{"adv_loss":0.2912238991208013,"_step":50,"epoch":50,"donor_loss":0.7036729974143531,"final_accuracy":0.7590623033354311,"_wandb":{"runtime":537},"accuracy":0.7590623033354311,"_runtime":537.904671224,"_timestamp":1.7405264529780867e+09}