{"_wandb":{"runtime":566},"final_test_accuracy":0.6241776315789473,"_timestamp":1.7407932331508121e+09,"final_test_adv_loss":0.5146411641647941,"val_donor_loss":1.4806893169879913,"test_accuracy":0.5596217105263158,"final_validation_accuracy":0.5727796052631579,"_step":50,"val_adv_loss":0.5187621893067109,"test_donor_loss":1.500712308444475,"final_train_accuracy":0.7107579022988506,"epoch":50,"_runtime":566.238983926,"final_test_donor_loss":1.6089095567402087,"test_adv_loss":0.556948257120032,"val_accuracy":0.5727796052631579,"train_accuracy":0.7107579022988506}