{"_runtime":441.625892905,"final_accuracy":0.9962349397590361,"_wandb":{"runtime":441},"_step":50,"epoch":50,"donor_loss":0.013041250239851993,"accuracy":0.9962349397590361,"_timestamp":1.740542322579385e+09,"adv_loss":0.008791249040626439}