{"epoch":50,"final_validation_accuracy":0.7705592105263158,"test_accuracy":0.7586348684210527,"_wandb":{"runtime":414},"final_train_accuracy":0.9002334770114943,"final_test_donor_loss":1.3066135158664303,"_timestamp":1.7407987796280143e+09,"_runtime":414.518074587,"val_donor_loss":1.2242502930917238,"val_adv_loss":0.37118214643315267,"test_adv_loss":0.39797077406393855,"test_donor_loss":1.2468954889397872,"_step":50,"val_accuracy":0.7705592105263158,"final_test_accuracy":0.8092105263157895,"train_accuracy":0.9002334770114943,"final_test_adv_loss":0.3864925280213356}