{"final_test_donor_loss":1.3892275369481037,"final_test_adv_loss":0.40325971143810374,"_timestamp":1.7409535126025674e+09,"_runtime":4.035011576,"_step":0,"_wandb":{"runtime":4},"final_test_accuracy":0.8104440789473685}