{"accuracy":0.9996234939759037,"_step":50,"donor_loss":0.0017352328196798645,"adv_loss":0.0038724556766557,"_runtime":456.262951638,"final_accuracy":0.9996234939759037,"_timestamp":1.7407729377200515e+09,"_wandb":{"runtime":456},"epoch":50}