{
    "best_params": {
        "lr": 0.0005947012811791727,
        "dropout": 0.11378010821029086,
        "num_latents": 61,
        "latent_dim": 256,
        "adv_lambda": 0.35824957883020864
    },
    "final_validation_accuracy": null,
    "final_train_accuracy": null,
    "final_test_accuracy": 0.8100328947368421,
    "final_test_donor_loss": 1.3455851297629506,
    "final_test_adv_loss": 0.40848158770485926
}