{"_wandb":{"runtime":526},"_timestamp":1.7404951527887542e+09,"accuracy":0.8483637507866583,"adv_loss":0.23236137519211347,"_step":50,"donor_loss":0.4480169986013049,"final_accuracy":0.8483637507866583,"epoch":50,"_runtime":526.031629053}