{"_wandb":{"runtime":411},"train_adv_loss":0.17785503798774605,"train_donor_loss":0.29112460725437633,"epoch":50,"_timestamp":1.740784926217978e+09,"test_donor_loss":1.3251688433320898,"val_adv_loss":0.4459472380970654,"val_donor_loss":1.2414353129110838,"test_accuracy":0.7376644736842105,"_runtime":410.53192553,"val_accuracy":0.7458881578947368,"test_adv_loss":0.4502408520171517,"_step":49,"train_accuracy":0.9022988505747126}