{"train_accuracy":0.8546156609195402,"val_donor_loss":1.1245861006410498,"final_validation_accuracy":0.743421052631579,"test_adv_loss":0.38898708632117823,"final_test_donor_loss":1.2557504161408073,"test_donor_loss":1.1380832101169385,"val_adv_loss":0.4051316839299704,"_wandb":{"runtime":550},"epoch":50,"test_accuracy":0.7310855263157895,"_timestamp":1.74079572849722e+09,"_step":50,"final_test_accuracy":0.7915296052631579,"final_test_adv_loss":0.36190799584514216,"_runtime":550.534102254,"final_train_accuracy":0.8546156609195402,"val_accuracy":0.743421052631579}