{"final_test_adv_loss":0.3932707637156311,"_timestamp":1.7409535128773124e+09,"_runtime":22.178400971,"_step":0,"_wandb":{"runtime":22},"final_test_accuracy":0.7964638157894737,"final_test_donor_loss":1.5034215073836477}