{"accuracy":0.4977344241661422,"_timestamp":1.740493214335453e+09,"_wandb":{"runtime":480},"donor_loss":1.4966088049962432,"final_accuracy":0.4977344241661422,"_runtime":480.042782003,"_step":50,"adv_loss":0.5080238498480084,"epoch":50}