{"_step":50,"final_accuracy":0.8443147590361446,"_timestamp":1.7405312123583822e+09,"_runtime":474.420431711,"epoch":50,"adv_loss":0.3041476973568101,"_wandb":{"runtime":474},"donor_loss":0.4557422811846178,"accuracy":0.8443147590361446}