{"test_accuracy":0.7319078947368421,"test_donor_loss":1.1567332242664539,"final_test_accuracy":0.7890625,"val_adv_loss":0.3793516684519617,"final_test_adv_loss":0.36010400872481496,"train_accuracy":0.8577586206896551,"val_donor_loss":1.1114128279058557,"epoch":50,"final_train_accuracy":0.8577586206896551,"_runtime":547.241197144,"_timestamp":1.740797746337228e+09,"final_validation_accuracy":0.7442434210526315,"test_adv_loss":0.3962778092214936,"val_accuracy":0.7442434210526315,"final_test_donor_loss":1.2169969772037708,"_step":50,"_wandb":{"runtime":547}}