{"accuracy":0.9988077309236948,"final_accuracy":0.9988077309236948,"adv_loss":0.0033926845870184594,"_runtime":432.132708823,"_step":50,"donor_loss":0.004162126001139848,"_timestamp":1.7405450333368537e+09,"_wandb":{"runtime":432},"epoch":50}