{"_runtime":456.26489622,"epoch":50,"_step":50,"donor_loss":0.002517945143756743,"final_accuracy":0.9994979919678715,"_wandb":{"runtime":456},"adv_loss":0.003725797533986615,"_timestamp":1.740772937720019e+09,"accuracy":0.9994979919678715}