{"epoch":50,"train_accuracy":0.8645833333333334,"val_accuracy":0.7425986842105263,"final_test_accuracy":0.7985197368421053,"final_test_donor_loss":1.2236675408325697,"test_adv_loss":0.4224036810429473,"test_accuracy":0.7347861842105263,"val_donor_loss":1.1382067893680774,"final_train_accuracy":0.8645833333333334,"_wandb":{"runtime":547},"test_donor_loss":1.1822510416570462,"_runtime":547.242148966,"final_test_adv_loss":0.35818249693042353,"final_validation_accuracy":0.7425986842105263,"val_adv_loss":0.3779613426641414,"_step":50,"_timestamp":1.7407977463372586e+09}