{"_step":19,"epoch":20,"donor_loss":1.3803450821179726,"adv_loss":0.5026577937182876,"accuracy":0.5435494021397105,"_timestamp":1.7404890648449779e+09,"_runtime":176.461265531,"_wandb":{"runtime":177}}