{"_runtime":393.178161859,"_step":49,"epoch":50,"donor_loss":0.46727720639073705,"adv_loss":0.31132425481535825,"_wandb":{"runtime":393},"accuracy":0.8372238955823293,"_timestamp":1.7405377031165185e+09}