{"final_test_adv_loss":0.36867500135773107,"final_validation_accuracy":0.7606907894736842,"test_adv_loss":0.4145270401709958,"_step":50,"final_test_donor_loss":1.2493211485837634,"train_accuracy":0.9067887931034483,"_runtime":413.818010776,"test_accuracy":0.7578125,"val_accuracy":0.7606907894736842,"final_test_accuracy":0.8055098684210527,"final_train_accuracy":0.9067887931034483,"_wandb":{"runtime":413},"_timestamp":1.740787443187967e+09,"val_donor_loss":1.262399507196326,"val_adv_loss":0.3986845220390119,"test_donor_loss":1.249507366042388,"epoch":50}