{"val_donor_loss":1.2200911923458702,"final_test_donor_loss":1.2628600236616636,"test_accuracy":0.7524671052631579,"_runtime":413.848929517,"_timestamp":1.7407874432133322e+09,"val_adv_loss":0.39106060917440216,"final_test_accuracy":0.8022203947368421,"val_accuracy":0.7528782894736842,"epoch":50,"_wandb":{"runtime":413},"final_train_accuracy":0.9103807471264368,"test_adv_loss":0.42695900640989604,"final_test_adv_loss":0.3892333754583409,"_step":50,"final_validation_accuracy":0.7528782894736842,"test_donor_loss":1.242089707600443,"train_accuracy":0.9103807471264368}