{"donor_loss":0.002366021177221845,"adv_loss":0.0025231604660481558,"final_accuracy":0.9994352409638554,"_timestamp":1.740545033243245e+09,"_runtime":432.056037261,"accuracy":0.9994352409638554,"epoch":50,"_wandb":{"runtime":432},"_step":50}