{"_runtime":441.624237957,"adv_loss":0.008933282637642322,"_step":50,"accuracy":0.9971762048192772,"_timestamp":1.740542322587853e+09,"donor_loss":0.010928295003614915,"_wandb":{"runtime":441},"epoch":50,"final_accuracy":0.9971762048192772}