{"_step":50,"_wandb":{"runtime":414},"test_donor_loss":1.2820370761971724,"epoch":50,"val_accuracy":0.7537006578947368,"_runtime":414.69298656,"val_donor_loss":1.2247168547228764,"_timestamp":1.7407987798030474e+09,"test_accuracy":0.7648026315789473,"train_accuracy":0.9051724137931034,"final_test_adv_loss":0.41045576059504557,"final_validation_accuracy":0.7537006578947368,"test_adv_loss":0.39959110554895905,"final_test_donor_loss":1.318840208022218,"final_test_accuracy":0.8075657894736842,"final_train_accuracy":0.9051724137931034,"val_adv_loss":0.40269688438428075}