{"test_adv_loss":0.38407204888368907,"_step":50,"epoch":50,"train_accuracy":0.8570402298850575,"final_test_adv_loss":0.3667356771858115,"final_test_accuracy":0.7853618421052632,"_wandb":{"runtime":550},"val_accuracy":0.7405427631578947,"test_donor_loss":1.1450567904271578,"val_adv_loss":0.38358877834520844,"_runtime":550.496122434,"final_validation_accuracy":0.7405427631578947,"final_test_donor_loss":1.2747623198910762,"_timestamp":1.7407957284588869e+09,"final_train_accuracy":0.8570402298850575,"val_donor_loss":1.083055074277677,"test_accuracy":0.7319078947368421}